{
    "Age": 31.066666666666666,
    "YearsEmployed": 2.223405797101449,
    "Income": 1017.3855072463768
}